<?xml version="1.0" encoding="utf-8" standalone="no"?>
<problem revision="4" short-name="prefix-game" url="https://polygon.codeforces.com/p5c00po/zhamid/prefix-game">
    <names>
        <name language="english" value="Autocomplete System"/>
    </names>
    <statements>
        <statement charset="UTF-8" language="english" mathjax="true" path="statements/english/problem.tex" type="application/x-tex"/>
        <statement charset="UTF-8" language="english" mathjax="true" path="statements/.html/english/problem.html" type="text/html"/>
        <statement language="english" path="statements/.pdf/english/problem.pdf" type="application/pdf"/>
    </statements>
    <judging cpu-name="Intel(R) Core(TM) i3-8100 CPU @ 3.60GHz" cpu-speed="3600" input-file="" output-file="" run-count="1">
        <testset name="tests">
            <time-limit>2000</time-limit>
            <memory-limit>268435456</memory-limit>
            <test-count>27</test-count>
            <input-path-pattern>tests/%02d</input-path-pattern>
            <answer-path-pattern>tests/%02d.a</answer-path-pattern>
            <tests>
                <test method="manual" sample="true"/>
                <test cmd="generator 1000 1000 1" method="generated"/>
                <test cmd="generator 10000 100 1" method="generated"/>
                <test cmd="generator 100000 10 1" method="generated"/>
                <test cmd="generator 1000 4 2" method="generated"/>
                <test cmd="generator 1000 4 26" method="generated"/>
                <test cmd="generator 1000 10 2" method="generated"/>
                <test cmd="generator 1000 10 26" method="generated"/>
                <test cmd="generator 1000 100 2" method="generated"/>
                <test cmd="generator 1000 100 26" method="generated"/>
                <test cmd="generator 1000 1000 2" method="generated"/>
                <test cmd="generator 1000 1000 26" method="generated"/>
                <test cmd="generator 100 4 2" method="generated"/>
                <test cmd="generator 100 4 26" method="generated"/>
                <test cmd="generator 100 10 2" method="generated"/>
                <test cmd="generator 100 10 26" method="generated"/>
                <test cmd="generator 100 100 2" method="generated"/>
                <test cmd="generator 100 100 26" method="generated"/>
                <test cmd="generator 100 10000 2" method="generated"/>
                <test cmd="generator 100 10000 26" method="generated"/>
                <test cmd="generator 100000 4 3" method="generated"/>
                <test cmd="generator 100000 4 26" method="generated"/>
                <test cmd="generator 100000 10 3" method="generated"/>
                <test cmd="generator 100000 10 26" method="generated"/>
                <test cmd="gen3 1000" method="generated"/>
                <test cmd="gen3 10000" method="generated"/>
                <test cmd="gen3 100000" method="generated"/>
            </tests>
        </testset>
    </judging>
    <files>
        <resources>
            <file path="files/olymp.sty"/>
            <file path="files/problem.tex"/>
            <file path="files/statements.ftl"/>
            <file path="files/testlib.h" type="h.g++"/>
        </resources>
        <executables>
            <executable>
                <source path="files/gen1.cpp" type="cpp.gcc14-64-msys2-g++23"/>
            </executable>
            <executable>
                <source path="files/gen2.cpp" type="cpp.gcc14-64-msys2-g++23"/>
            </executable>
            <executable>
                <source path="files/gen3.cpp" type="cpp.gcc14-64-msys2-g++23"/>
            </executable>
            <executable>
                <source path="files/generator.cpp" type="cpp.gcc14-64-msys2-g++23"/>
            </executable>
        </executables>
    </files>
    <assets>
        <checker name="std::fcmp.cpp" type="testlib">
            <source path="files/check.cpp" type="cpp.g++17"/>
            <copy path="check.cpp"/>
            <testset>
                <test-count>0</test-count>
                <input-path-pattern>files/tests/checker-tests/%02d</input-path-pattern>
                <output-path-pattern>files/tests/checker-tests/%02d.o</output-path-pattern>
                <answer-path-pattern>files/tests/checker-tests/%02d.a</answer-path-pattern>
                <tests/>
            </testset>
        </checker>
        <solutions>
            <solution tag="main">
                <source path="solutions/main.cpp" type="cpp.gcc14-64-msys2-g++23"/>
            </solution>
            <solution tag="accepted">
                <source path="solutions/main_py.py" type="python.pypy3-64"/>
            </solution>
            <solution tag="memory-limit-exceeded">
                <source path="solutions/prefix_hashmap.cpp" type="cpp.g++17"/>
            </solution>
            <solution tag="time-limit-exceeded">
                <source path="solutions/tle.cpp" type="cpp.gcc14-64-msys2-g++23"/>
            </solution>
        </solutions>
    </assets>
    <properties>
        <property name="tests-wellformed" value="true"/>
    </properties>
    <stresses>
        <stress-count>0</stress-count>
        <stress-path-pattern>stresses/%03d</stress-path-pattern>
        <list/>
    </stresses>
</problem>
