{"scoring":null,"notes":"","legend":"You are given an array of $N$ integers $a_1,a_2,\\dots,a_N$.  We define the \\emph{prefix minimum} at position $i$ as\n$$\nP[i] = \\min \\bigl(a_1, a_2, \\dots, a_i\\bigr).\n$$\n\nWe say that the sequence of prefix minimums $P[1],P[2],\\dots,P[N]$ is \\emph{strictly decreasing} if\n$$\nP[i] < P[i-1]\n\\quad\\text{for every }2 \\le i \\le N.\n$$\n\nYour task is to check whether the prefix-minimum sequence of the given array is strictly decreasing.","authorLogin":"UpperKnoot","language":"english","timeLimit":1000,"output":"Print \\texttt{Yes} if the prefix-minimum array is strictly decreasing, otherwise print \\texttt{No}.","inputFile":"stdin","outputFile":"stdout","input":"The first line contains a single integer $N$ $(1 \\le N \\le 2\\cdot10^5)$ --- the length of the array.\n\nThe second line contains $N$ integers $a_1,a_2,\\dots,a_N$ $(-10^9 \\le a_i \\le 10^9)$ --- the elements of the array.\n","authorName":"anas imloul","sampleTests":[{"output":"Yes\n","input":"4\n19 13 10 2\n","inputFile":"example.01","outputFile":"example.01.a"},{"output":"No\n","input":"2\n1 2\n","inputFile":"example.02","outputFile":"example.02.a"}],"name":"Prefix Minimum","interaction":null,"memoryLimit":268435456,"tutorial":""}