{"scoring":null,"notes":"","legend":"In modern e-commerce platforms, providing real-time product suggestions as users type their queries significantly improves the shopping experience. These autocomplete systems rely on efficiently managing a dynamic dictionary of product names and quickly retrieving the number of products that share a given prefix. This functionality is crucial for ranking suggestions based on popularity and ensuring relevant results.\n\nDesign a system that supports the following operations:\n\n\\begin{enumerate}\n    \\item \\texttt{INSERT product}: Add the product name to the system. If the product already exists, do nothing.\n    \\item \\texttt{DELETE product}: Remove the product name from the system. If the product doesn't exist, output \\texttt{NOT FOUND}. Otherwise, output \\texttt{DELETED}.\n    \\item \\texttt{COUNT prefix}: Output the number of product names in the system that start with the given prefix.\n\\end{enumerate}","authorLogin":"zhamid","language":"english","timeLimit":2000,"output":"For each \\texttt{DELETE} operation, output either \\texttt{DELETED} or \\texttt{NOT FOUND} on a new line.\n\nFor each \\texttt{COUNT} operation, output the count on a new line.","inputFile":"stdin","outputFile":"stdout","input":"The first line contains an integer $Q$ $(1 \\le Q \\le 10^5)$ --- the number of operations.\n\nEach of the next $Q$ lines contains an operation in one of the following formats:\n\\begin{itemize}\n    \\item \\texttt{INSERT product}\n    \\item \\texttt{DELETE product}\n    \\item \\texttt{COUNT prefix}\n\\end{itemize}\n\nAll product names and prefixes consist of lowercase English letters and have lengths between $1$ and $10^4$.\n\nIt is guaranteed that the sum of lengths of all product names and prefixes in the input does not exceed $10^6$.","authorName":"Zakariaa Hamid","sampleTests":[{"output":"DELETED\nDELETED\n1\n","input":"7\nINSERT tilifon\nINSERT tilivison\nINSERT potaji\nDELETE tilifon\nINSERT tbla\nDELETE potaji\nCOUNT til\n","inputFile":"example.01","outputFile":"example.01.a"}],"name":"Autocomplete System","interaction":null,"memoryLimit":268435456,"tutorial":""}