<?xml version="1.0" encoding="utf-8" standalone="no"?>
<problem revision="3" short-name="jnjd25-xor-query" url="https://polygon.codeforces.com/p069mn7/alekssays/jnjd25-xor-query">
    <names>
        <name language="english" value="Aya and the Even-XOR Quest"/>
    </names>
    <statements>
        <statement charset="UTF-8" language="english" mathjax="true" path="statements/english/problem.tex" type="application/x-tex"/>
        <statement charset="UTF-8" language="english" mathjax="true" path="statements/.html/english/problem.html" type="text/html"/>
        <statement language="english" path="statements/.pdf/english/problem.pdf" type="application/pdf"/>
    </statements>
    <judging cpu-name="Intel(R) Core(TM) i3-8100 CPU @ 3.60GHz" cpu-speed="3600" input-file="" output-file="" run-count="1">
        <testset name="tests">
            <time-limit>1000</time-limit>
            <memory-limit>268435456</memory-limit>
            <test-count>8</test-count>
            <input-path-pattern>tests/%02d</input-path-pattern>
            <answer-path-pattern>tests/%02d.a</answer-path-pattern>
            <tests>
                <test method="manual"/>
                <test method="manual" sample="true"/>
                <test cmd="gen 10 10 50" method="generated"/>
                <test cmd="gen 10 10 100" method="generated"/>
                <test cmd="gen 100000 100000 1000000000000000000" method="generated"/>
                <test cmd="gen 100 100 1000000000000000000" method="generated"/>
                <test cmd="gen 20 10 100" method="generated"/>
                <test cmd="gen 1000 1000 1000" method="generated"/>
            </tests>
        </testset>
    </judging>
    <files>
        <resources>
            <file path="files/olymp.sty"/>
            <file path="files/problem.tex"/>
            <file path="files/statements.ftl"/>
            <file path="files/testlib.h" type="h.g++"/>
        </resources>
        <executables>
            <executable>
                <source path="files/gen.cc" type="cpp.gcc14-64-msys2-g++23"/>
            </executable>
            <executable>
                <source path="files/gen_old.cc" type="cpp.gcc14-64-msys2-g++23"/>
            </executable>
        </executables>
    </files>
    <assets>
        <checker name="std::lcmp.cpp" type="testlib">
            <source path="files/check.cpp" type="cpp.g++17"/>
            <copy path="check.cpp"/>
            <testset>
                <test-count>0</test-count>
                <input-path-pattern>files/tests/checker-tests/%02d</input-path-pattern>
                <output-path-pattern>files/tests/checker-tests/%02d.o</output-path-pattern>
                <answer-path-pattern>files/tests/checker-tests/%02d.a</answer-path-pattern>
                <tests/>
            </testset>
        </checker>
        <solutions>
            <solution tag="time-limit-exceeded-or-accepted">
                <source path="solutions/xor_brute_gemini.cc" type="cpp.gcc14-64-msys2-g++23"/>
            </solution>
            <solution tag="main">
                <source path="solutions/xor_sol.cc" type="cpp.gcc14-64-msys2-g++23"/>
            </solution>
        </solutions>
    </assets>
    <properties>
        <property name="tests-wellformed" value="true"/>
    </properties>
    <stresses>
        <stress-count>0</stress-count>
        <stress-path-pattern>stresses/%03d</stress-path-pattern>
        <list/>
    </stresses>
    <tags>
        <tag value="xor"/>
        <tag value="xor-basis"/>
    </tags>
</problem>
