{"extraResources":{"example.01.mu":"TVXzATUgMg0KMSAzIDYgOCAxMg0K"},"scoring":null,"notes":"","legend":"You are given $N$ people positioned on a one-dimensional line at distinct coordinates. You are also given an integer $K$.  \n\nTwo people are considered \\textbf{neighbors} if their absolute distance is at most $K$:\n$$\n|x - y| \\leq K.\n$$\n\nWhenever two people are neighbors, or there is a sequence of neighbors linking them, they belong to the same \\emph{neighborhood}. A \\emph{neighborhood} is a maximal group of people with this property.\n\nDetermine the number of neighborhoods formed for the given value of $K$.\n","authorLogin":"UpperKnoot","language":"english","timeLimit":1000,"output":"Print one integer --- the number of neighborhoods defined by $K$.\n","inputFile":"stdin","outputFile":"stdout","input":"The first line contains two integers $N$ and $K$ $(1 \\leq N \\leq 10^5,\\;1 \\leq K \\leq 10^9)$.\n\nThe second line contains $N$ distinct integers $(x_1, x_2, \\ldots, x_N)$ $(0 \\le x_i \\le 10^9)$ --- the positions of the people on the line.\n","authorName":"anas imloul","sampleTests":[{"output":"3\n","input":"5 2\n1 3 6 8 12\n","inputFile":"example.01","outputFile":"example.01.a"}],"name":"Neighborhoods - Easy version","interaction":null,"memoryLimit":268435456,"tutorial":""}