<?xml version="1.0" encoding="utf-8" standalone="no"?>
<problem revision="8" short-name="distance-neighborhood-easy" url="https://polygon.codeforces.com/p3TRKCm/UpperKnoot/distance-neighborhood-easy">
    <names>
        <name language="english" value="Neighborhoods - Easy version"/>
    </names>
    <statements>
        <statement charset="UTF-8" language="english" mathjax="true" path="statements/english/problem.tex" type="application/x-tex"/>
        <statement charset="UTF-8" language="english" mathjax="true" path="statements/.html/english/problem.html" type="text/html"/>
        <statement language="english" path="statements/.pdf/english/problem.pdf" type="application/pdf"/>
    </statements>
    <judging cpu-name="Intel(R) Core(TM) i3-8100 CPU @ 3.60GHz" cpu-speed="3600" input-file="" output-file="" run-count="1">
        <testset name="tests">
            <time-limit>1000</time-limit>
            <memory-limit>268435456</memory-limit>
            <test-count>30</test-count>
            <input-path-pattern>tests/%02d</input-path-pattern>
            <answer-path-pattern>tests/%02d.a</answer-path-pattern>
            <tests>
                <test method="manual" sample="true"/>
                <test cmd="generator 1 1 0 1" method="generated"/>
                <test cmd="generator 1 2 10 1" method="generated"/>
                <test cmd="generator 42 2 10 1" method="generated"/>
                <test cmd="generator 2025 2 10 1" method="generated"/>
                <test cmd="generator 1 5 10 10" method="generated"/>
                <test cmd="generator 42 5 10 10" method="generated"/>
                <test cmd="generator 2025 5 10 10" method="generated"/>
                <test cmd="generator 1 1000 1000000 100" method="generated"/>
                <test cmd="generator 42 1000 1000000 100" method="generated"/>
                <test cmd="generator 2025 1000 1000000 100" method="generated"/>
                <test cmd="generator 1 1000 1000000 1000000" method="generated"/>
                <test cmd="generator 42 1 0 1000000000" method="generated"/>
                <test cmd="generator 1337 100000 1000000000 1000000000" method="generated"/>
                <test cmd="generator 37 20 100 1000000000" method="generated"/>
                <test cmd="generator 1 100000 1000000000 100" method="generated"/>
                <test cmd="generator 1 100000 1000000000 1000" method="generated"/>
                <test cmd="generator 1 100000 1000000000 10000" method="generated"/>
                <test cmd="generator 1 100000 1000000000 100000" method="generated"/>
                <test cmd="generator 1 100000 1000000000 1000000" method="generated"/>
                <test cmd="generator 42 100000 1000000000 100" method="generated"/>
                <test cmd="generator 42 100000 1000000000 1000" method="generated"/>
                <test cmd="generator 42 100000 1000000000 10000" method="generated"/>
                <test cmd="generator 42 100000 1000000000 100000" method="generated"/>
                <test cmd="generator 42 100000 1000000000 1000000" method="generated"/>
                <test cmd="generator 2025 100000 1000000000 100" method="generated"/>
                <test cmd="generator 2025 100000 1000000000 1000" method="generated"/>
                <test cmd="generator 2025 100000 1000000000 10000" method="generated"/>
                <test cmd="generator 2025 100000 1000000000 100000" method="generated"/>
                <test cmd="generator 2025 100000 1000000000 1000000" method="generated"/>
            </tests>
        </testset>
    </judging>
    <files>
        <resources>
            <file path="files/olymp.sty"/>
            <file path="files/problem.tex"/>
            <file path="files/statements.ftl"/>
            <file path="files/testlib.h" type="h.g++"/>
        </resources>
        <executables>
            <executable>
                <source path="files/generator.cpp" type="cpp.gcc14-64-msys2-g++23"/>
            </executable>
            <executable>
                <source path="files/validator.cpp" type="cpp.gcc14-64-msys2-g++23"/>
            </executable>
        </executables>
    </files>
    <assets>
        <checker name="std::ncmp.cpp" type="testlib">
            <source path="files/check.cpp" type="cpp.g++17"/>
            <copy path="check.cpp"/>
            <testset>
                <test-count>0</test-count>
                <input-path-pattern>files/tests/checker-tests/%02d</input-path-pattern>
                <output-path-pattern>files/tests/checker-tests/%02d.o</output-path-pattern>
                <answer-path-pattern>files/tests/checker-tests/%02d.a</answer-path-pattern>
                <tests/>
            </testset>
        </checker>
        <validators>
            <validator>
                <source path="files/validator.cpp" type="cpp.gcc14-64-msys2-g++23"/>
                <testset>
                    <test-count>0</test-count>
                    <input-path-pattern>files/tests/validator-tests/%02d</input-path-pattern>
                    <tests/>
                </testset>
            </validator>
        </validators>
        <solutions>
            <solution tag="main">
                <source path="solutions/binary_search.cpp" type="cpp.gcc14-64-msys2-g++23"/>
            </solution>
            <solution tag="time-limit-exceeded">
                <source path="solutions/dsu.cpp" type="cpp.gcc14-64-msys2-g++23"/>
            </solution>
        </solutions>
    </assets>
    <properties>
        <property name="tests-wellformed" value="true"/>
    </properties>
    <stresses>
        <stress-count>0</stress-count>
        <stress-path-pattern>stresses/%03d</stress-path-pattern>
        <list/>
    </stresses>
</problem>
