{"scoring":null,"notes":"\\begin{itemize}\n    \\item \\texttt{aabbc}: Can be arranged as \\texttt{ababc}. Output: \\texttt{YES}.\n    \\item \\texttt{aaaaa}: Impossible to arrange without 'a's being adjacent. The count of 'a' (5) is greater than (length of string - count of 'a' + 1) which is $5 - 5 + 1 = 1$. $5 \\not\\le 1$. Output: \\texttt{NO}. (More precisely, max frequency $m=5$, length $L=5$. $m > (L+1)/2$ since $5 > (5+1)/2 = 3$).\n    \\item \\texttt{abc}: Already arranged as such, or \\texttt{acb}, etc. Output: \\texttt{YES}.\n    \\item \\texttt{abacaba}: Length $L=7$. Counts: a:4, b:2, c:1. Max frequency $m=4$. Condition $m \\le (L+1)/2 \\implies 4 \\le (7+1)/2 \\implies 4 \\le 4$. This is true. Can be arranged as \\texttt{ababaca}. Output: \\texttt{YES}.\n    \\item \\texttt{zzza}: Length $L=4$. Counts: z:3, a:1. Max frequency $m=3$. Condition $m \\le (L+1)/2 \\implies 3 \\le (4+1)/2 \\implies 3 \\le 2.5$. This is false. Output: \\texttt{NO}.\n\\end{itemize}","legend":"Hamza is designing a Zellij tile border in Fez. He has a collection of tiles, each represented by a lowercase English letter indicating its color. His grandfather, Maalem Hamid, tells him that for a harmonious design, when the tiles are arranged in a single line, no two tiles of the same color can be placed next to each other. Hamza has a string $s$ representing all her available tiles. Can he arrange all of them according to this rule?\n\nFormally, given a string $s$ consisting of lowercase English letters, determine if it's possible to rearrange the characters of $s$ to form a new string where no two adjacent characters are the same. All characters from the original string $s$ must be used in the rearranged string.\n\n","authorLogin":"alekssays","language":"english","timeLimit":1000,"output":"For each test case, print \\texttt{YES} if such an arrangement is possible, and \\texttt{NO} otherwise.\n","inputFile":"stdin","outputFile":"stdout","input":"The first line contains a single integer $t$ ($1 \\leq t \\leq 1000$) --- the number of test cases.\n\nEach test case consists of a single line containing the string $s$ ($1 \\leq |s| \\leq 50$). Each character of $s$ is a lowercase English letter ('a'-'z').\n","authorName":"Ahmed Lekssays","sampleTests":[{"output":"YES\nNO\nYES\nYES\nNO\n","input":"5\naabbc\naaaaa\nabc\nabacaba\nzzza\n","inputFile":"example.01","outputFile":"example.01.a"}],"name":"Rearranged Tiles","interaction":null,"memoryLimit":268435456,"tutorial":""}