{"scoring":null,"notes":"","legend":"On a scorching summer day, Ahmed planned a beach picnic with his friends. To combat the heat, he brought along a single, perfectly ripe watermelon weighing exactly $W$ grams.\n\nAhmed has $N$ friends attending the picnic, and each friend has requested a specific portion of watermelon. The $i$-th friend $(1 \\leq i \\leq N)$ wants exactly $A_i$ grams of watermelon.\n\nAhmed can cut the watermelon using the following rule:\n\\begin{itemize}\n\\item Choose any piece of watermelon weighing $w$ grams.\n\\item Cut it into two parts: $x$ grams and $w - x$ grams, where $1 \\leq x < w$.\n\\item Each cutting operation costs energy equal to the weight of the piece being cut (i.e., cutting a piece of $w$ grams costs $w$ energy units)\n\\end{itemize}\n\nAhmed wants to satisfy all his friends by giving each exactly the amount they requested. It's acceptable to have leftover watermelon pieces after serving everyone.\n\nFind the \\textbf{ minimum total energy cost} Ahmed needs to spend cutting the watermelon to fulfill all his friends' requests.","authorLogin":"elmerjani","language":"english","timeLimit":1000,"output":"Print one integer --- the \\textbf{ minimum total cutting cost}.","inputFile":"stdin","outputFile":"stdout","input":"The first line contains two integers $N$ and $W$ $(2 \\leq N \\leq 2\\cdot10^5$, $ N \\leq W \\leq 10^{15})$ -- the number of friends and the weight of the watermelon.\n\nThe second line contains $N$ integers $A_1, A_2, ..., A_N$ $(1 \\leq A_i \\leq 10^9)$ -- the weight of watermelon requested by each friend.\n\n\nIt is guaranteed that $A_1 + A_2 + ... + A_N \\leq W$.","authorName":"Mohamed El-Merjani","sampleTests":[{"output":"3600\n","input":"5 2000\n100 200 100 200 100","inputFile":"example.01","outputFile":"example.01.a"},{"output":"1000005000000000\n","input":"3 1000000000000000\n1000000000 1000000000 1000000000\n","inputFile":"example.02","outputFile":"example.02.a"}],"name":"Watermelon","interaction":null,"memoryLimit":268435456,"tutorial":""}