{"extraResources":{"example.01.mu":"TVXzATMNCjIgMA0KMyAwDQo0IDANCg=="},"scoring":null,"notes":"The angles of the planets evolve as follows:\n\n\\begin{itemize}\n    \\item Day 1: [180, 120, 90]\n    \\item Day 2: [0, 240, 180]\n    \\item Day 3: [180, 0, 270]\n    \\item Day 4: [0, 120, 0]\n\\end{itemize}\n","legend":"In an ancient geocentric model of the universe, all planets are believed to revolve around the Earth in perfect circles. Each planet completes its orbit in a fixed number of days and starts from a specific angle relative to Earth (in degrees, from $0$ to $359$).\n\nYou are given $n$ planets. For each planet $i$, you know:\n\\begin{itemize}\n    \\item $T_i$ --- the number of days it takes to complete a full orbit (i.e., 360 degrees),\n    \\item $A_i$ --- the initial angle at day 0 (in degrees, where $0 \\leq A_i < 360$).\n\\end{itemize}\n\nEach day, the angle of planet $i$ increases by $\\frac{360}{T_i}$ degrees.\n\nYour task is to find the \\textbf{earliest day $d > 0$} such that at least two planets have exactly the same angle modulo 360 degrees.\n\nIf no such day exists within $10^6$ days, output \\texttt{-1}.","authorLogin":"souhail_","language":"english","timeLimit":1000,"output":"Print a single integer --- the smallest day $d > 0$ on which at least two planets align at the same angle modulo 360 degrees. If such a day does not exist within $10^6$ days, print \\texttt{-1}.\n","inputFile":"stdin","outputFile":"stdout","input":"The first line contains an integer $n$ ($2 \\leq n \\leq 1000$), the number of planets.\n\nEach of the next $n$ lines contains two integers $T_i$ and $A_i$ ($1 \\leq T_i \\leq 1000$, $0 \\leq A_i < 360$) --- the orbital period and initial angle of planet $i$.\n","authorName":"Souhail elkaissi","sampleTests":[{"output":"4\n","input":"3\n2 0\n3 0\n4 0\n","inputFile":"example.01","outputFile":"example.01.a"}],"name":"Geocentric Orbits","interaction":null,"memoryLimit":268435456,"tutorial":""}