<?xml version="1.0" encoding="utf-8" standalone="no"?>
<problem revision="8" short-name="jnjd25-tiles" url="https://polygon.codeforces.com/p3Gevmm/hamzam/jnjd25-tiles">
    <names>
        <name language="english" value="Tiles"/>
    </names>
    <statements>
        <statement charset="UTF-8" language="english" mathjax="true" path="statements/english/problem.tex" type="application/x-tex"/>
        <statement charset="UTF-8" language="english" mathjax="true" path="statements/.html/english/problem.html" type="text/html"/>
        <statement language="english" path="statements/.pdf/english/problem.pdf" type="application/pdf"/>
    </statements>
    <judging cpu-name="Intel(R) Core(TM) i3-8100 CPU @ 3.60GHz" cpu-speed="3600" input-file="" output-file="" run-count="1">
        <testset name="tests">
            <time-limit>1000</time-limit>
            <memory-limit>268435456</memory-limit>
            <test-count>20</test-count>
            <input-path-pattern>tests/%02d</input-path-pattern>
            <answer-path-pattern>tests/%02d.a</answer-path-pattern>
            <tests>
                <test method="manual" sample="true"/>
                <test method="manual"/>
                <test cmd="gen 1000 300 300 1000000000 1" method="generated"/>
                <test cmd="gen 1000 300 300 1000000000 2" method="generated"/>
                <test cmd="gen 1000 300 300 1000000000 3" method="generated"/>
                <test cmd="gen 1000 300 30 1000000000 4" method="generated"/>
                <test cmd="gen 1000 300 30 1000000000 5" method="generated"/>
                <test cmd="gen 3 100000 100 1000000000 6" method="generated"/>
                <test cmd="gen 3 100000 200 1000000000 7" method="generated"/>
                <test cmd="gen 3 100000 300 1000000000 8" method="generated"/>
                <test cmd="gen 3 100000 10 1000000000 8" method="generated"/>
                <test cmd="gen 3 100000 100000 1000000000 9" method="generated"/>
                <test cmd="gen 3 100000 1000 1000000000 10" method="generated"/>
                <test cmd="gen 100 1000 100 1000000000 11" method="generated"/>
                <test cmd="gen 100 1000 1000 1000000000 12" method="generated"/>
                <test cmd="gen 100 3000 3000 1000000000 13" method="generated"/>
                <test cmd="gen 100 3000 3000 1000000000 14" method="generated"/>
                <test cmd="gen 100 3000 30 1000000000 15" method="generated"/>
                <test cmd="gen 100 3000 10 1000000000 16" method="generated"/>
                <test cmd="gen 100 3000 100 1000000000 17" method="generated"/>
            </tests>
        </testset>
    </judging>
    <files>
        <resources>
            <file path="files/olymp.sty"/>
            <file path="files/problem.tex"/>
            <file path="files/statements.ftl"/>
            <file path="files/testlib.h" type="h.g++"/>
        </resources>
        <executables>
            <executable>
                <source path="files/gen.cpp" type="cpp.gcc14-64-msys2-g++23"/>
            </executable>
            <executable>
                <source path="files/validator.cpp" type="cpp.gcc14-64-msys2-g++23"/>
            </executable>
        </executables>
    </files>
    <assets>
        <checker name="std::lcmp.cpp" type="testlib">
            <source path="files/check.cpp" type="cpp.g++17"/>
            <copy path="check.cpp"/>
            <testset>
                <test-count>0</test-count>
                <input-path-pattern>files/tests/checker-tests/%02d</input-path-pattern>
                <output-path-pattern>files/tests/checker-tests/%02d.o</output-path-pattern>
                <answer-path-pattern>files/tests/checker-tests/%02d.a</answer-path-pattern>
                <tests/>
            </testset>
        </checker>
        <validators>
            <validator>
                <source path="files/validator.cpp" type="cpp.gcc14-64-msys2-g++23"/>
                <testset>
                    <test-count>3</test-count>
                    <input-path-pattern>files/tests/validator-tests/%02d</input-path-pattern>
                    <tests>
                        <test verdict="valid"/>
                        <test verdict="invalid"/>
                        <test verdict="invalid"/>
                    </tests>
                </testset>
            </validator>
        </validators>
        <solutions>
            <solution tag="main">
                <source path="solutions/Main.java" type="java21"/>
            </solution>
        </solutions>
    </assets>
    <properties>
        <property name="tests-wellformed" value="true"/>
    </properties>
    <stresses>
        <stress-count>0</stress-count>
        <stress-path-pattern>stresses/%03d</stress-path-pattern>
        <list/>
    </stresses>
    <tags>
        <tag value="binary search"/>
        <tag value="div2-c-easy"/>
    </tags>
</problem>
