<?xml version="1.0" encoding="utf-8" standalone="no"?>
<problem revision="6" short-name="watermelon" url="https://polygon.codeforces.com/p0nkRpp/elmerjani/watermelon">
    <names>
        <name language="english" value="Watermelon"/>
    </names>
    <statements>
        <statement charset="UTF-8" language="english" mathjax="true" path="statements/english/problem.tex" type="application/x-tex"/>
        <statement charset="UTF-8" language="english" mathjax="true" path="statements/.html/english/problem.html" type="text/html"/>
        <statement language="english" path="statements/.pdf/english/problem.pdf" type="application/pdf"/>
    </statements>
    <judging cpu-name="Intel(R) Core(TM) i3-8100 CPU @ 3.60GHz" cpu-speed="3600" input-file="" output-file="" run-count="1">
        <testset name="tests">
            <time-limit>1000</time-limit>
            <memory-limit>268435456</memory-limit>
            <test-count>8</test-count>
            <input-path-pattern>tests/%02d</input-path-pattern>
            <answer-path-pattern>tests/%02d.a</answer-path-pattern>
            <tests>
                <test method="manual" sample="true"/>
                <test method="manual" sample="true"/>
                <test description="Archive &quot;tests.zip&quot;; file &quot;1.in&quot;" method="manual"/>
                <test description="Archive &quot;tests.zip&quot;; file &quot;2.in&quot;" method="manual"/>
                <test description="Archive &quot;tests.zip&quot;; file &quot;3.in&quot;" method="manual"/>
                <test description="Archive &quot;tests.zip&quot;; file &quot;4.in&quot;" method="manual"/>
                <test description="Archive &quot;tests.zip&quot;; file &quot;5.in&quot;" method="manual"/>
                <test description="Archive &quot;tests.zip&quot;; file &quot;6.in&quot;" method="manual"/>
            </tests>
        </testset>
    </judging>
    <files>
        <resources>
            <file path="files/olymp.sty"/>
            <file path="files/problem.tex"/>
            <file path="files/statements.ftl"/>
            <file path="files/testlib.h" type="h.g++"/>
        </resources>
    </files>
    <assets>
        <checker name="std::hcmp.cpp" type="testlib">
            <source path="files/check.cpp" type="cpp.g++17"/>
            <copy path="check.cpp"/>
            <testset>
                <test-count>0</test-count>
                <input-path-pattern>files/tests/checker-tests/%02d</input-path-pattern>
                <output-path-pattern>files/tests/checker-tests/%02d.o</output-path-pattern>
                <answer-path-pattern>files/tests/checker-tests/%02d.a</answer-path-pattern>
                <tests/>
            </testset>
        </checker>
        <solutions>
            <solution tag="accepted">
                <source path="solutions/Solution.cpp" type="cpp.gcc14-64-msys2-g++23"/>
            </solution>
            <solution tag="main">
                <source path="solutions/Solution_py.py" type="python.3"/>
            </solution>
        </solutions>
    </assets>
    <properties>
        <property name="tests-wellformed" value="false"/>
    </properties>
    <stresses>
        <stress-count>0</stress-count>
        <stress-path-pattern>stresses/%03d</stress-path-pattern>
        <list/>
    </stresses>
</problem>
