{"extraResources":{"example.01.mu":"TVXzATMgNSA0DQo="},"scoring":null,"notes":"","legend":"A mysterious teleporter shows a non-negative integer $x$ on its screen. Pressing the \\texttt{GO} button once transforms the current number as follows:\n\n$$\nx := \\bigl(x + \\mathrm{popcount}(x)\\bigr) \\bmod 2^k,\n$$\n\nwhere $\\mathrm{popcount}(x)$ is the number of $1$-bits in the binary representation of $x$ (for example, $\\mathrm{popcount}(13)=3$).\n\nThe operator is incredibly lazy:\n\\begin{enumerate}\n  \\item On the first second, he presses \\texttt{GO} exactly once.\n  \\item On the second second, he presses \\texttt{GO} exactly twice.\n  \\item On the third second, he presses \\texttt{GO} exactly three times.\n  \\item And so on.\n\\end{enumerate}\n\nAfter $n$ seconds in total, what number glows on the screen?\n","authorLogin":"mjeeed","language":"english","timeLimit":1000,"output":"Print the final value on the screen (modulo $2^k$) after all operations.\n","inputFile":"stdin","outputFile":"stdout","input":"The input consists of three integers $k$, $x$, and $n$ ($1 \\le k \\le 20$, $0 \\le x < 2^k$, $0 \\le n < 10^9$).\n","authorName":"abdelmajid habouch","sampleTests":[{"output":"2\n","input":"3 5 4\n","inputFile":"example.01","outputFile":"example.01.a"}],"name":"Bit Walker","interaction":null,"memoryLimit":268435456,"tutorial":""}