<?xml version="1.0" encoding="utf-8" standalone="no"?>
<problem revision="3" short-name="jnjd2025-cosmic-expansion" url="https://polygon.codeforces.com/p30RyUa/souhail_/jnjd2025-cosmic-expansion">
    <names>
        <name language="english" value="Cosmic expansion"/>
    </names>
    <statements>
        <statement charset="UTF-8" language="english" mathjax="true" path="statements/english/problem.tex" type="application/x-tex"/>
        <statement charset="UTF-8" language="english" mathjax="true" path="statements/.html/english/problem.html" type="text/html"/>
        <statement language="english" path="statements/.pdf/english/problem.pdf" type="application/pdf"/>
    </statements>
    <judging cpu-name="Intel(R) Core(TM) i3-8100 CPU @ 3.60GHz" cpu-speed="3600" input-file="" output-file="" run-count="1">
        <testset name="tests">
            <time-limit>1000</time-limit>
            <memory-limit>268435456</memory-limit>
            <test-count>8</test-count>
            <input-path-pattern>tests/%02d</input-path-pattern>
            <answer-path-pattern>tests/%02d.a</answer-path-pattern>
            <tests>
                <test method="manual"/>
                <test method="manual" sample="true"/>
                <test cmd="gen 1" method="generated"/>
                <test cmd="gen 2" method="generated"/>
                <test cmd="gen 3" method="generated"/>
                <test cmd="gen 4" method="generated"/>
                <test cmd="gen 5" method="generated"/>
                <test cmd="gen 6" method="generated"/>
            </tests>
        </testset>
    </judging>
    <files>
        <resources>
            <file path="files/olymp.sty"/>
            <file path="files/problem.tex"/>
            <file path="files/statements.ftl"/>
            <file path="files/testlib.h" type="h.g++"/>
        </resources>
        <executables>
            <executable>
                <source path="files/gen.cpp" type="cpp.gcc14-64-msys2-g++23"/>
            </executable>
            <executable>
                <source path="files/val.cpp" type="cpp.gcc14-64-msys2-g++23"/>
            </executable>
        </executables>
    </files>
    <assets>
        <checker name="std::lcmp.cpp" type="testlib">
            <source path="files/check.cpp" type="cpp.g++17"/>
            <copy path="check.cpp"/>
            <testset>
                <test-count>0</test-count>
                <input-path-pattern>files/tests/checker-tests/%02d</input-path-pattern>
                <output-path-pattern>files/tests/checker-tests/%02d.o</output-path-pattern>
                <answer-path-pattern>files/tests/checker-tests/%02d.a</answer-path-pattern>
                <tests/>
            </testset>
        </checker>
        <validators>
            <validator>
                <source path="files/val.cpp" type="cpp.gcc14-64-msys2-g++23"/>
                <testset>
                    <test-count>0</test-count>
                    <input-path-pattern>files/tests/validator-tests/%02d</input-path-pattern>
                    <tests/>
                </testset>
            </validator>
        </validators>
        <solutions>
            <solution tag="main">
                <source path="solutions/sol.cpp" type="cpp.g++17"/>
            </solution>
        </solutions>
    </assets>
    <properties>
        <property name="tests-wellformed" value="true"/>
    </properties>
    <stresses>
        <stress-count>0</stress-count>
        <stress-path-pattern>stresses/%03d</stress-path-pattern>
        <list/>
    </stresses>
</problem>
