{"extraResources":{"example.01.mu":"TVXzATMNCiFjMTs1IDIgMyA1IDYNCiFjMjs5IDIgMyAxMCAxMg0KIWMzOzExIDUgNCAxMCAxMw0K"},"scoring":null,"notes":"","legend":"In the small town of Tileton, the mayor has decided to build a beautiful path that stretches infinitely into the horizon. The road is x units wide and will be tiled using two types of decorative tiles:\n\\begin{itemize}\n\\item \\textbf{Tile A}: 1 unit high, $w_a$ units wide\n\\item \\textbf{Tile B}: 1 unit high, $w_b$ units wide\n\\end{itemize}\nYou are given $c_a$ tiles of type A and $c_b$ tiles of type B.\n\nThe tiles must be placed side by side to completely cover the width of the road for a single row. Your job is to determine the maximum number of full rows you can build using the given tiles. A row is valid only if it is exactly x units wide.\n\nCan you help the mayor make the most out of the available tiles?","authorLogin":"hamzam","language":"english","timeLimit":1000,"output":"Print a single integer --- the maximum number of full rows you can build using the available tiles.","inputFile":"stdin","outputFile":"stdout","input":"The first line of the input contains an integer $T$ ($1 \\leq T \\leq 10^5$) --- the number of test cases.\n\nThe first line of each test case contains five integers: x, $w_b$, $w_b$, $c_a$, and $c_b$, $(1 \\leq x, w_a, w_b \\leq 10^5), (1 \\leq c_a, c_b \\leq 10^9)$, representing the width of the road, the width of tile A, the width of tile B, the number of tiles of type A, and the number of tiles of type B respectively.\n\nIt's guaranteed that: $1 \\leq \\Sigma^{T}_{i=1} x_i, w_{ai}, w_{bi} \\leq 3*10^5$.","authorName":"Hamza Mouhcine","sampleTests":[{"output":"5\n6\n0\n","input":"3\n5 2 3 5 6\n9 2 3 10 12\n11 5 4 10 13\n","inputFile":"example.01","outputFile":"example.01.a"}],"name":"Tiles","interaction":null,"memoryLimit":268435456,"tutorial":""}